{
  "created": "2020-10-23T13:45:40.323Z",
  "updated": "2020-10-23T13:45:40.323Z",
  "rvn": 1,
  "wipeNumber": 1,
  "accountId": "UTrosh",
  "profileId": "creative",
  "version": "fix_empty_users_again_july_2019",
  "items": {},
  "stats": {
    "attributes": {
      "last_used_battlelab_file": "",
      "max_island_plots": 50,
      "publish_allowed": true,
      "support_code": "",
      "last_used_plot": "",
      "permissions": [],
      "creator_name": "",
      "publish_banned": false,
      "inventory_limit_bonus": 0
    }
  },
  "_id": "UTrosh"
}